model,accuracy
logistic_regression,0.9824561403508771
svm,0.9824561403508771
random_forest,0.956140350877193
