model,accuracy,auc,cv_mean,cv_std
logistic_regression,0.9824561403508771,0.9953703703703703,0.9806862288464524,0.006539441283506109
svm,0.9824561403508771,0.9950396825396826,0.9736376339077782,0.014678541667933545
random_forest,0.956140350877193,0.9930555555555556,0.9578481602235678,0.02376690846311994
